video_id,user_unique_id,video_create_time,video_digg_count,video_share_count,video_comment_count,video_play_count,hashtags,used_proper_hastags,data_date
7195653323482058026,figapp,1675368605,130,0,2,1313,figapp;nyu,True,2023-02-05
7194948095640227114,figapp,1675204406,28,0,1,516,,True,2023-02-05
7194622986505325870,figapp,1675128709,28,0,6,557,,True,2023-02-05
7193464911857585450,figapp,1674859081,57,0,3,1011,,True,2023-02-05
7193106753893092654,figapp,1674775687,98,0,1,1223,,True,2023-02-05
7192669238551678250,figapp,1674673828,49,0,0,806,,True,2023-02-05
7192317938211310890,figapp,1674592035,56,0,2,936,foodallergies;dietaryrestrictions;lowfodmap;glutenfree;dairyfree;vegan,True,2023-02-05
7192312238693240107,figapp,1674590705,184,0,4,1864,nyu;foodallergies,True,2023-02-05
7191887958151089450,figapp,1674491931,148,1,4,1990,,True,2023-02-05
7190912724715719982,figapp,1674264849,290,1,6,4648,,True,2023-02-05
7190542618164563242,figapp,1674178675,285,0,1,4015,,True,2023-02-05
7189665654826388779,figapp,1673974508,154,0,6,2051,capcut,True,2023-02-05
7189661151314054443,figapp,1673973464,563,0,9,8237,,True,2023-02-05
7188166594328104238,figapp,1673625465,107,0,4,1949,,True,2023-02-05
7187859223403875626,figapp,1673553899,119,0,5,2240,,True,2023-02-05
7187120203107601710,figapp,1673381842,878,1,6,9567,,True,2023-02-05
7186694140493597998,figapp,1673282655,35,1,2,906,stitch,True,2023-02-05
7183458430386982186,figapp,1672529262,24,0,2,1149,,True,2023-02-05
7182989871311686958,figapp,1672420171,611,1,7,7318,,True,2023-02-05
7181844485263936810,figapp,1672153505,334,0,3,4178,,True,2023-02-05
7180035253866663211,figapp,1671732243,101,0,3,2633,dietaryrestrictions;foodallergies;figapp,True,2023-02-05
7179724450877934894,figapp,1671659876,428,1,3,5624,,True,2023-02-05
7178925436951334186,figapp,1671473845,111,1,14,2937,,True,2023-02-05
7177797539457010986,figapp,1671211236,179,4,5,4486,,True,2023-02-05
7177397369737071914,figapp,1671118060,730,3,13,15800,,True,2023-02-05
7176646815931206958,figapp,1670943311,23000,22,83,337400,,True,2023-02-05
7174071559559171371,figapp,1670343730,565,1,5,9393,,True,2023-02-05
7172628812629364011,figapp,1670007794,381,1,5,7881,,True,2023-02-05
7171889197207293226,figapp,1669835602,384,1,6,4081,,True,2023-02-05
7169594571012263210,figapp,1669301341,151,3,5,3115,,True,2023-02-05
7192002039642115371,theallergicgirl,1674518474,118900,310,135,910400,figpartner,True,2023-02-05
7187850248071515438,theallergicgirl,1673551809,1457,7,14,15800,,False,2023-02-05
7187526886493392170,theallergicgirl,1673476527,14900,5,40,135200,figpartner,True,2023-02-05
7185640339921734955,theallergicgirl,1673037274,928,6,15,18500,,False,2023-02-05
7185555225942576427,theallergicgirl,1673017465,263400,84,214,1300000,,False,2023-02-05
7182274791116655915,theallergicgirl,1672253675,4656,6,22,36900,figpartner,True,2023-02-05
7181873622645001514,theallergicgirl,1672160272,2465,14,65,22700,,False,2023-02-05
7181555911230508334,theallergicgirl,1672086296,1911,1,25,19300,,False,2023-02-05
7180030696931773742,theallergicgirl,1671731187,3592,5,25,29900,,False,2023-02-05
7179315139068497198,theallergicgirl,1671564573,2731,10,27,24900,,False,2023-02-05
7174815733703019818,theallergicgirl,1670516976,588400,836,1758,4700000,figpartner,True,2023-02-05
7172640750012910894,theallergicgirl,1670010574,3051,7,28,33000,,False,2023-02-05
7170817199261748523,theallergicgirl,1669585995,24900,10,69,172100,,False,2023-02-05
7167155755999874350,theallergicgirl,1668733498,4450,4,29,50700,,False,2023-02-05
7164767062991113518,theallergicgirl,1668177354,2981,3,47,32000,,False,2023-02-05
7161499660769611050,theallergicgirl,1667416590,23000,30,111,246600,figpartner,True,2023-02-05
7161217951922703658,theallergicgirl,1667350991,2228,2,19,31100,,False,2023-02-05
7160020859988577582,theallergicgirl,1667072274,950,3,7,32000,ad;goodrxeffect,False,2023-02-05
7158956129895058731,theallergicgirl,1666824372,48200,49,184,560100,figpartner,True,2023-02-05
7158871804189297966,theallergicgirl,1666804758,270,1,1,18400,ad;tealpumpkinproject;tealpumpkinatcvs;healthierhappenstogether,False,2023-02-05
7157747298200489259,theallergicgirl,1666542921,6402,2,20,62200,figpartner,True,2023-02-05
7156977097347534123,theallergicgirl,1666363614,3402,12,39,40500,,False,2023-02-05
7156691039699537198,theallergicgirl,1666296992,500,1,3,16700,tealpumpkinatcvs;healthierhappenstogether;ad,False,2023-02-05
7156331654611586350,theallergicgirl,1666213320,753,4,7,16400,,False,2023-02-05
7155181186040548651,theallergicgirl,1665945455,2103,4,15,24600,,False,2023-02-05
7154478025122368810,theallergicgirl,1665781736,2999,4,25,25000,figpartner,True,2023-02-05
7154475832977739050,theallergicgirl,1665781223,1079,6,9,16600,,False,2023-02-05
7154125551316258091,theallergicgirl,1665699663,800,0,9,14500,,False,2023-02-05
7152966663615597870,theallergicgirl,1665429845,1495,0,9,19100,,False,2023-02-05
7152961891520777518,theallergicgirl,1665428732,360,3,3,11000,,False,2023-02-05
7195703341349932331,tylerandhistummy,1675380250,423,0,3,5809,,True,2023-02-05
7195639489681706283,tylerandhistummy,1675365382,242,0,2,3435,cornallergy;foodallergies;foodintolerance,True,2023-02-05
7195267850376842539,tylerandhistummy,1675278853,450,0,5,4087,ibs;lowfodmap;lowfodmapdiet;irritablebowelsyndromecheck,True,2023-02-05
7194879183745469739,tylerandhistummy,1675188363,10600,9,51,123100,cornallergy;foodallergies;energydrinks;groceryhaul,True,2023-02-05
7193422484635520302,tylerandhistummy,1674849201,184,1,10,2185,,True,2023-02-05
7193110641136110890,tylerandhistummy,1674776592,229,1,8,2913,cornallergy;citricacid;foodallergies;glutenfree,True,2023-02-05
7192653987508784430,tylerandhistummy,1674670283,323,0,2,3937,,True,2023-02-05
7192384787741478190,tylerandhistummy,1674607593,153,0,2,1919,foodallergies;artificialcoloring;dairyfree;glutenfree,True,2023-02-05
7191929565176974638,tylerandhistummy,1674501611,287,3,20,3558,foodallergies;artificialcoloring;artificialflavoring;seafoodallergy,True,2023-02-05
7190898961975119150,tylerandhistummy,1674261645,134,0,5,2339,,True,2023-02-05
7190512534305262890,tylerandhistummy,1674171670,276,4,13,5763,foodsensitivity;foodintolerance;traderjoeshaul,True,2023-02-05
7190068257817382190,tylerandhistummy,1674068234,393,0,13,5372,sza;foodallergies;vegan;ingredientlabels,True,2023-02-05
7189689635033910570,tylerandhistummy,1673980096,155,0,3,1727,foodallergies;figapp;severeallergy;eggfree,True,2023-02-05
7188210875864517934,tylerandhistummy,1673635783,60,0,6,825,,True,2023-02-05
7187557101076483371,tylerandhistummy,1673483555,105,0,4,1265,foodallergies;tomatoallergy;nutallergy,True,2023-02-05
7187498318430424366,tylerandhistummy,1673469879,46,0,2,705,ingredientlabels;foodallergies;figapp;lowfodmapdiet,True,2023-02-05
7187467101123202346,tylerandhistummy,1673462622,349,2,8,5507,foodallergies;ingredientlabels,True,2023-02-05
7187166363369131307,tylerandhistummy,1673392578,60,0,12,1095,lowfodmap;lowfodmapdiet;lowfodmapfood;ibs,True,2023-02-05
7187111319235988782,tylerandhistummy,1673379777,133,1,18,1726,foodallergies;dietaryrestrictions;stomachissues;foodsensitivity,True,2023-02-05
7187094557887106347,tylerandhistummy,1673375882,13900,16,68,123200,foodallergies;ingredientlabels;sza,True,2023-02-05
7186799098677300522,tylerandhistummy,1673307074,167,1,11,2353,highfructosecornsyrup;cornsyrup,True,2023-02-05
7186752051534122282,tylerandhistummy,1673296122,472,4,24,7470,fructoseintolerant;fructosefree;dairyfree;peanutallergy;dietaryrestrictions,True,2023-02-05
7185669227699834155,tylerandhistummy,1673043999,107,0,11,1972,ingredientsmatter;ingredientlabels;veganshopping;foodallergies,True,2023-02-05
7180838498423885099,tylerandhistummy,1671919260,97,4,6,2158,stitch;ibs;lowfodmap;lowfodmapdiet;ibsfriendly,True,2023-02-05
7179761359297449259,tylerandhistummy,1671668469,379,9,18,6022,sesameallergy;fasteract;fare;greenscreen,True,2023-02-05
7177844517092117806,tylerandhistummy,1671222168,121,5,7,3296,foodallergies;vegantiktok;lowfodmap;histamineintolerance,True,2023-02-05
7177550662690000170,tylerandhistummy,1671153753,1608,7,47,42900,bigcorn;cornallergy;cornfree,True,2023-02-05
7174879181128437034,thefigapp,1670531748,3,0,0,89,foodallergy;dietaryrestrictions;nutrition,True,2023-02-05
7173799866521357611,thefigapp,1670280449,1,0,1,74,soyfree;seedoils;dietaryrestrictions,True,2023-02-05
7173396960794185003,thefigapp,1670186642,3,0,0,153,,True,2023-02-05
7173060448303025450,thefigapp,1670108295,9,0,0,162,,True,2023-02-05
7172630850217970987,thefigapp,1670008269,2,0,0,156,,True,2023-02-05
7172252794399903019,thefigapp,1669920261,5,0,0,283,,True,2023-02-05
7171884852562644267,thefigapp,1669834590,3,0,0,104,,True,2023-02-05
7171534129325034798,thefigapp,1669752928,3,0,1,226,,True,2023-02-05
7171209596650917166,thefigapp,1669677357,8,0,0,348,,True,2023-02-05
7170040973014175022,thefigapp,1669405264,8,0,0,245,,True,2023-02-05
7169344096564153646,thefigapp,1669243007,17,0,0,555,,True,2023-02-05
7168953265218997546,thefigapp,1669152011,4,0,0,230,,True,2023-02-05
7168603275007102251,thefigapp,1669070519,7,0,0,211,,True,2023-02-05
7168249437003861294,thefigapp,1668988139,14,0,0,236,,True,2023-02-05
7167836279814507822,thefigapp,1668891941,4,0,1,917,,True,2023-02-05
7167453603030928686,thefigapp,1668802848,7,0,0,816,,True,2023-02-05
7195738489218960686,glutenfreefig,1675388430,47,2,0,1312,glutenfree;glutenfreefig;celiac;glutenfreetiktok,True,2023-02-05
7194994814729866542,glutenfreefig,1675215283,19,0,0,378,glutenfreefig;glutenfree;figapp;glutenfreetiktok;glutendairyfree,True,2023-02-05
7194184033377635630,glutenfreefig,1675026515,19,0,0,321,glutenfree;glutenfreefig;fig;glutenfreetravel;glutenfreetiktok,True,2023-02-05
7193144859417480490,glutenfreefig,1674784557,40,0,1,324,glutenfree;glutenfreefig;oats;glutenfreeoats;fyp;glutenfreetiktok,True,2023-02-05
7192287338511256875,glutenfreefig,1674584915,19,0,0,312,glutenfree;glutenfreefig;glutenfreerecipes;glutenfreetiktok;glutendairyfree,True,2023-02-05
7191485712485698858,glutenfreefig,1674398277,38,0,0,309,glutenfree;glutenfreefig,True,2023-02-05
7190058060457577771,glutenfreefig,1674065862,30,1,0,356,glutenfreefig;glutenfree;celiac,True,2023-02-05
7188880377522441515,glutenfreefig,1673791675,10,0,0,102,fig;glutenfree;glutenfreefig,True,2023-02-05
7187845246875733294,glutenfreefig,1673550645,42,0,1,391,fig;glutenfreefig;glutenfree;groceryshopping,True,2023-02-05
7186685533773417770,glutenfreefig,1673280645,11,0,0,348,fig;glutenfreefig;celiac,True,2023-02-05
7185922364595653931,glutenfreefig,1673102961,25,1,4,1017,fig;glutenfree;glutenfreefig;celiac;groceryshopping;greenscreen;greenscreenvideo,True,2023-02-05
7196023821223300398,maliaglutenfree,1675454870,15,0,0,359,glutenfree;morningroutine;sandiegosunrise;sandiego;lajolla;morningroutineaesthetic;morningcoffee;morningvibes;lajollasandiego;sandiegolife;sandiegocalifornia,False,2023-02-05
7195672380029717806,maliaglutenfree,1675373041,54,0,0,573,glutenfree;bcaas;bcaasuplement;bcaapowder;thorneresearch;celiac;celiacdisease;glutenfreesupplements;glutenfreesupplement;bcaasquad,False,2023-02-05
7194843990947089706,maliaglutenfree,1675180168,67,1,0,505,glutenfree;vegan;proteinshake;proteinsmoothie;proteinsmoothierecipe;protein;gains;gainshake;vegansmoothie;glutenfreesmoothie;smoothiebowl;wellnessjourney;nutpodspartner;nutpods;glutenfreesmoothiebowl;vegansmoothiebowl;wellness,False,2023-02-05
7194240205438700843,maliaglutenfree,1675039588,22,0,0,1061,mocktails;mocktail;glutenfree;sobercurious;dryjanuary2023;dryjanuary;sober;freespirits;sobercuriouslifestyle,False,2023-02-05
7192754417756622122,maliaglutenfree,1674693651,148,0,51,1253,glutenfree;glutenfreetiktok;celiac;celiacdisease;celiacdiagnosis;glutenintolerance,False,2023-02-05
7189813357632064814,maliaglutenfree,1674008881,69,0,10,1014,transformation;celiacdisease;celiac;wellness;wellnessjourney;gymjourney;healthjourney;skinnytostrong,False,2023-02-05
7189406448974089514,maliaglutenfree,1673914140,61,2,8,795,glutenfreemakeup;glutenfreelipstick;glutenfreebeauty;celiacdisease;celiac;glutenfree;glutenfreetiktok;glutenfreelife;celiacstruggles,False,2023-02-05
7189041735673187627,maliaglutenfree,1673829224,40,0,0,592,wellness;wellnessjourney;wellnessjourneywithme;healthylifestyle;healthyliving;balancedliving;balancedlivingtips;8020rule;8020lifestyle;healthjourney;chronicwellness;chronicwellnessreset;chronicillness;chronicillnesswarrior,False,2023-02-05
7188980147008195882,maliaglutenfree,1673814886,636,3,15,12400,sober;dryjanuary2023;dry;dryjanuary;sobercurious;sobertok;mocktailrecipe;mocktailgirlie;mocktail;mocktails;soberstories;soberliving,False,2023-02-05
7188626012354170158,maliaglutenfree,1673732431,42,2,3,849,glutenfree;glutenfreegroceries;glutenfreegroceryhaul;groceryhaul;thrivemarket;thrivemarkethaul;groceryshopping;groceryhack;glutenfreetiktok,False,2023-02-05
7188313075517246762,maliaglutenfree,1673659572,72,0,4,942,glutenfree;adulthood;livingaloneproblems;glutenfreetiktok;glutenfreelife;groceryshopping;groceries;grocerystory;healthyeating;healthyeatinghabits,False,2023-02-05
7186435879768968490,maliaglutenfree,1673222522,189,8,16,3766,glutenfree;glutenfreelipstick;celiac;celiacstruggles;celiacdisease;celiacawareness;celiacblogger;celiaclife;celiacliving;coeliac;coeliacdisease;celiacproblems;celiacsafe;celiacfriendly;gluten;glutenfreetiktok,False,2023-02-05
7184838276027764014,maliaglutenfree,1672850544,53,4,13,1924,botox;botoxstory;botoxstories;chronicmigraine;celiac;celiacdisease;botoxfail;botoxcheck;botoxnatural,False,2023-02-05
7184678491999292714,maliaglutenfree,1672813345,177,0,4,3708,glutenfree;celiac;celiacdisease;glutenfreetravel;wieiad;wieiadrealistic;wieiadglutenfree;wieiadtraveling;wieiadtravel;wieiadvacation;turks;turksandcaicos;turksandcaicosislands,False,2023-02-05
7184567389378465066,maliaglutenfree,1672787463,16,0,1,925,migraine;chronicmigraine;chronicmigraineawareness;celiacdisease;botox;botoxstory;botoxfail;botoxfails,False,2023-02-05
7184546006128807214,maliaglutenfree,1672782486,150,4,37,4239,celiacdisease;chronicmigraine;chronicillness;chronicpain;celiac;autoimmunedisease;botox;botoxinjection;botoxstory;medicalbotox,False,2023-02-05
7181075778476477739,maliaglutenfree,1671974533,453,5,68,11600,heds;flexibility;flexibilitychallenge;chronicillness;autoimunnedisorder;autoimmunewarrior;hsd;syndrome;syndrometiktok;celiac;celiacdisease;glutenfree;glutenfreelife;hypermobility;hypermobilitycheck;hybermobile;hypermobileeds;hypermobilejoints,False,2023-02-05
7181064346280430890,maliaglutenfree,1671971889,4094,40,137,49100,glutenfree;starbucks;starbucksglutenfree;sugarcookiealmondmilkicedlatte;starbucksdrinks;starbucksorder;celiac;celiacdisease;celiacstruggles;glutenfreelife;glutenfreelifestyle,False,2023-02-05
7180565243901398315,maliaglutenfree,1671855640,131,2,7,2318,glutenfree;glutenfreediet;glutenfreedining;gf;celiac;celiacdisease;wheretoeatsandiego;sandiego;sandiegoglutenfree;glutenfreefood;glutenfreefoodblogger;glutenfreelasvegas;glutenfreevegas;glutenfreesdeats;glutenfreelife;glutenfreetiktok,False,2023-02-05
7180552654664273194,maliaglutenfree,1671852709,222,5,1,2978,fig;figambassador;foodallergies;foodallergy;celiac;celiacdisease;glutenfree;glutenfreefinds;groceryhaul;sprouts;sproutshaul,True,2023-02-05
7179389603114192170,maliaglutenfree,1671581911,31,1,8,986,erewhonmarket;erewhonhaul;erewhonreviews;erewhonsmoothie;erewhonforever;erewhonfinds;erewhonfavorites;wellness;glutenfree;dairyfree;glutenanddairyfree;celiac;glutenfreelosangeles;smoothie;chronicwellnessreset;wellnessjourney;wellnessjourneywithme,False,2023-02-05
7179019312793980202,maliaglutenfree,1671495698,39,2,3,1026,glutenfree;glutenfreelife;glutenfreelifestyle;glutenfreeamazon;amazonfinds;amazonfoods;amazonfavorites;celiac;celiacdisease;celiacfood;celiacfoodie;certifiedglutenfree;glutenfreefood;glutenfreefoods;gf,False,2023-02-05
7178963213827018030,maliaglutenfree,1671482637,13,0,0,759,healthyliving;healthylunch;healthylunchideas;healthylunchinspo;healthylunches;glutenfree;dairyfree;glutenanddairyfree;glutenfreelife;glutenfreelunch;glutenfreelunchideas;dairyfreelunch;dairyfreelunchideas;glutenfreetiktok,False,2023-02-05
7178705198918028586,maliaglutenfree,1671422567,37,0,0,1416,acai;acaibowl;sandiego;smoothie;smoothiebowl;smoothiebowls;sandiegohiddengems;sandiegofoodie;sandiegofood;lajolla;lajollasandiego;bestofsandiego;glutenfree;glutenfreegranola;granolagirl;glutenfreesmoothiebowl,False,2023-02-05
7178638984514555182,maliaglutenfree,1671407145,62,1,9,989,chronicillness;chronicillnessawareness;chronicillnesswarrior;chronicwellness;chronicpain;chronicmigraine;celiacdisease;celiac;hypermobility;hybermobilecheck;chronicillnessstruggles;chronicillnesssupport,False,2023-02-05
7178371989520796974,maliaglutenfree,1671344983,93,1,1,2177,chronicwellnessreset;nutpodspartner;nutpods;nutpodsquad;wellness;wellnesstips;wieiad;wieiadedrecovery;wieiadrealistic;wieiadrecovery;whatieatinaday;whatiatetoday;glutenfreelunchideas;glutenfreerecipes;glutenfreedinner;glutenfreemeals;glutenfreedinnerideas;glutenfree;dairyfree;glutenfreedairyfree;glutenfreetiktok;glutenfreelife;wellnessjourney;chronicillness;celiacdisease;celiac;celiaclife,False,2023-02-05
7178316595318623530,maliaglutenfree,1671332082,77,0,8,1017,,False,2023-02-05
7195246931717705002,onmollysplate,1675273986,47,0,2,976,glutenfree;cooking;hack;easy;psa;fyp;foryou;foryoupage;yum;nom;Recipe;delish;airfryer;onmollysplate,False,2023-02-05
7192803881418624298,onmollysplate,1674705170,293,1,55,2160,glutenfree;foodnetwork;food;foodinclusive;fun;funfood;tailgate;taklgatetakedown;fyp;foryou;foryoupage;cooking;chef;football;yum;Foodie;foodallergies;onmollysplate,False,2023-02-05
7192728054152564011,onmollysplate,1674687509,28,0,11,391,tailgatetakedown;glutenfree;food;foodnetwork;cooking;football;tailgate;fun;fyp;foryou;foryoupage;WomensFootball;chef;tv;foodshow;womeninsports;foodinclusive;onmollysplate,False,2023-02-05
7192238001253158190,onmollysplate,1674573433,29,1,2,513,glutenfree;dairyfree;wings;chicken;chickenwings;bakingsoda;hack;crispy;yum;food;foodinclusive;delish;foodshare;Recipe;glutenfreerecipes;cooking;fyp;foryou;foryoupage;onmollysplate,False,2023-02-05
7191953754076532014,onmollysplate,1674507234,58,1,8,707,glutenfree;parmesan;parmesanpotatoes;brussels;brusselsprouts;yum;yummy;fyp;foryou;foryoupage;delish;food;foodshare;viral;glutenfreefood;onmollysplate,False,2023-02-05
7189074677568916782,onmollysplate,1673836892,58,0,0,952,glutenfree;charcuterieboard;yum;nom;fyp;foryou;foryoupage;kidchef;kidscook;allergyfriendly;foodallergies;glutenfreefood;cute;souschef;onmollysplate,False,2023-02-05
7188174583285959978,onmollysplate,1673627324,51,0,3,418,nationalglutenfreeday;glutenfree;donuts;yum;nom;fun;funfood;delish;donut;allergyfriendly;yummy;foodallergies;foodinclusive;freedom;freedomglutenfree;goodperiod;onmollysplate,False,2023-02-05
7187869416087014702,onmollysplate,1673556274,32,0,2,544,tbt;bostonrenegades;thursdaytreatnight;glutenfree;yum;sandwich;sandwiches;yummy;fyp;foryou;foryoupage;delish;canyonbakehouse;glutenfreefood;foodinclusive;food;onmollysplate,False,2023-02-05
7187821853535210798,onmollysplate,1673545200,25,1,2,467,glutenfree;fig;foodisgood;foodinclusive;travel;foodallergies;dietaryrestrictions;snacks;fyp;food;foodshare;airport;glutenfreefood;onmollysplate,False,2023-02-05
7186441867075145003,onmollysplate,1673223897,23,1,4,634,glutenfree;yum;nom;cheese;grilledcheese;sandwich;yummy;fyp;foryou;foryoupage;food;foodshare;foodinclusive;onmollysplate,False,2023-02-05
7185705909300022570,onmollysplate,1673052543,51,0,0,475,birthday;family;ski;skitrip;laughs;fyp;foryou;foryoupage;familytrip;Siblings;glutenfree;onmollysplate,False,2023-02-05
7184120643879783723,onmollysplate,1672683447,58,1,0,922,glutenfree;yum;cook;cooking;chef;glutenfreefood;newyear;newyearsday;food;foodshare;fyp;foryou;foryoupage;mollysgame,False,2023-02-05
7182038476383079726,onmollysplate,1672198651,51,0,17,1018,cold;boston;massachusetts;fridge;freezer;winter;balcony;funny;glutenfree;fyp;foryou;foryoupage;onmollysplate,False,2023-02-05
7179794104287530286,onmollysplate,1671676088,64,1,11,620,,False,2023-02-05
7179341500520729902,onmollysplate,1671570710,54,0,21,839,glutenfree;food;gailgate;football;athlete;glutenfreefood;cooking;excited;foodinclusive;funfood;tailgating;foodallergies;onmollysplate,False,2023-02-05
7177951788543348011,onmollysplate,1671247142,187,9,13,3453,yum;nom;hanukkah;latke;fyp;foryou;Recipe;easy;potatoes;jewish;cooking;glutenfree;dairyfree;food;foodinclusive;foodshare;onmollysplate,False,2023-02-05
7176664459333635374,onmollysplate,1670947416,27,0,2,632,glutenfree;donut;dairyfree;nutfree;peanutfree;treenutfree;yum;yummy;DIY;fun;funfood;foodallergies;foodallergyfriendly;celiacsafe;foodinclusive;yoangelo;yonutz;freedomglutenfree;onmollysplate;goodperiod,False,2023-02-05
7176275521616006442,onmollysplate,1670856861,26,0,0,416,pup;puppy;dog;doodle;fast;fastasfkboi;cute;goldendoodle;snow;dogs;zoomies;funny;fyp;foryou;foryoupage;onmollysplate,False,2023-02-05
7173709321459535146,onmollysplate,1670259370,32,2,0,510,glutenfree;nutfree;soyfree;yoangelo;allergies;food;foodallergies;foodinclusive;celiac;celiacsafe;allergyfriendly;onmollysplate;collab;fun;donuts;freedomglutenfree;yonutz,False,2023-02-05
7172177027284471082,onmollysplate,1669902608,31,3,2,558,glutenfree;soup;soupseason;souptok;comfort;comfortfood;yummy;food;foodinclusive;foodshare;yum;fyp;foryou;foryoupage;Recipe;onmollysplate,False,2023-02-05
7171844418914225450,onmollysplate,1669825163,42,0,0,787,dog;cute;puppy;doodle;funny;whereareyou;doodles;dogvideo;fyp;foryou;foryoupage;onmollysplate,False,2023-02-05
7170894145442172203,onmollysplate,1669603911,28,1,9,816,soup;yum;soupseason;sausage;kale;yummy;delish;glutenfree;dairyfree;allergyfriendly;foodallergies;foodinclusive;foodshare;Recipe;cooking;onmollysplate,False,2023-02-05
7170398169006689579,onmollysplate,1669488436,91,0,0,1844,glutenfree;pineapple;fun;yum;delish;foodallergies;foodinclusive;fresh;publix;yummy;fyp;foryou;foryoupage;onmollysplate,False,2023-02-05
7170029634363444526,onmollysplate,1669402627,52,0,4,732,glutenfree;yum;thanksgiving;glutenfreethanksgiving;delish;food;foodinclusive;foodshare;onmollysplate,False,2023-02-05
7168565724812741931,onmollysplate,1669061781,27,0,5,363,glutenfree;donuts;freedom;freedomglutenfree;donut;coffee;caffenero;glutenfreeoption;allergyfriendly;foodallergies;foodinclusive;delish;onmollysplate,False,2023-02-05
7167859384348036398,onmollysplate,1668897324,81,1,6,1501,cozy;cute;lights;christmas;hanukkah;decoration;christmaslights;fun;apartment;apartmenttour;onmollysplate,False,2023-02-05
7167027788745018670,onmollysplate,1668703722,23,0,0,608,tip;tips;glutenfree;yum;dietitian;glutenfreefood;cooking;easy;food;foodallergies;foodinclusive;fyp;foryou;foryoupage;onmollysplate,False,2023-02-05
7166671456292654378,onmollysplate,1668620741,25,1,0,346,greenscreen;glutenfree;sale;yum;nom;donuts;ThanksandGiving;flashsale;food;foodinclusive;freedombakery;freedomglutenfree;allergyfriendly;onmollysplate,False,2023-02-05
7166610127489862958,onmollysplate,1668606459,46,1,1,643,glutenfree;dairyfree;vegan;eggfree;frenchtoast;tip;cooking;dietitian;foodallergies;foodinclusive;foodallergyfriendly;glutenfreefood;yum;nom;fyp;foryou;onmollysplate,False,2023-02-05
7166255653378575662,onmollysplate,1668523928,31,1,0,1554,glutenfree;yum;elf;dinner;fun;movienight;delish;fyp;foryou;holidays;christmasmovies;foodallergies;foodinclusive;onmollysplate,False,2023-02-05
7196368783760428331,mommakessafefood,1675535186,68,0,8,529,greenscreen;mommakessafefood;foodallergies;foodallergyawareness;kidswithfoodallergies;livingwithfoodallergies;managingfoodallergies,False,2023-02-05
7195993985314262314,mommakessafefood,1675447921,6170,2,70,83100,mommakessafefood;foodallergies;introducingallergens;kidswithfoodallergies;allergenintroduction;foodallergymom;happybabyorganics;woodenhighchair;abiiehighchair;beyondjuniorhighchair;nuttyblends;abiiebeyondjunior;startingsolids,False,2023-02-05
7195954971555188014,mommakessafefood,1675438839,186,0,1,1202,mommakessafefood;dairyfree;eggfree;nutfree;foodallergymom;foodallergy;appleturnovers;kidswithfoodallergies;managingfoodallergies;livingwithfoodallergies,False,2023-02-05
7195670698998926638,mommakessafefood,1675372650,158,3,46,1325,mommakessafefood;nicknames;nickname,False,2023-02-05
7195662270335044910,mommakessafefood,1675370688,141,1,5,1873,mommakessafefood;funfinds;groceryshopping;foodallergymom;foodallergy;eggfree,False,2023-02-05
7195299140207660330,mommakessafefood,1675286138,200,0,9,1748,stitch;mommakessafefood;foodallergymom;kidswithfoodallergies;managingfoodallergies;peanutallergy;peanutfree;foodallergy;foodallergyawareness;allergyfriendly,False,2023-02-05
7194865033875229998,mommakessafefood,1675185067,172,0,10,1331,mommakessafefood;dairyfree;top9free;foodallergymom;kidswithfoodallergies;allergyfriendly;allergyfree;livingwithfoodallergies;foodallergies;superbowlfood,False,2023-02-05
7194576988172995883,mommakessafefood,1675118003,168,1,5,2416,mommakessafefood;homemadetortillas;tortillasfromscratch;tortillarecipe;halfbakedharvest;dairyfree;flourtortillas,False,2023-02-05
7194494716665285930,mommakessafefood,1675098870,99,2,22,847,greenscreen;mommakessafefood;allergenintroduction;foodallergymom;kidswithfoodallergies;allergyfriendly;childrensfoodallergies;childhoodallergies;allergiesandall;iwroteabook;livingwithfoodallergies,False,2023-02-05
7194325305815731498,mommakessafefood,1675059414,274,0,5,1249,mommakessafefood;allergenintroduction;foodallergymom;allergyfriendly;kidswithfoodallergies;foodallergies;childrensfoodallergies;childhoodallergies;allergiesandall,False,2023-02-05
7193782739127045422,mommakessafefood,1674933077,170,0,5,1459,mommakessafefood;allergyfriendly;foodallergymom;dairyfree;eggfree;nutfree;dairyfreerecipes;dairyfreeappetizers;kidswithfoodallergies,False,2023-02-05
7193070029200510250,mommakessafefood,1674767140,161,3,55,1569,mommakessafefood;iwroteabook;allergyfriendly;foodallergymom;foodallergyawareness;kidswithfoodallergies;fare;foodallergies;peanutallergy;dairyallergy;foodallergybook;childrensbook;foodallergytok;greenscreen,False,2023-02-05
7192688992523930923,mommakessafefood,1674678421,443,4,27,4164,mommakessafefood;allergyfriendly;foodallergymom;foodallergyawareness;foodallergy;kidswithfoodallergies;dairyfree;nutfree;eggfree,False,2023-02-05
7191967012455779627,mommakessafefood,1674510319,184,1,1,2345,mommakessafefood;allergyfriendly;foodallergymom;foodallergyawareness;ingredientshousehold;newrecipe,False,2023-02-05
7191945601154633002,mommakessafefood,1674505342,506,0,22,6409,mommakessafefood;allergyfriendly;foodallergymom;foodallergy;foodallergyawareness;dairyallergy;kidswithallergies,False,2023-02-05
7191255463076367659,mommakessafefood,1674344648,19100,28,148,140800,allergyfriendly;mommakessafefood;foodallergymom;dairyallergy;eggallergy;nutallergy;dairyfree;kidswithallergies;foodallergyawareness;foodallergy,False,2023-02-05
7190179534031850795,mommakessafefood,1674094135,108,1,7,2047,mommakessafefood;top9free;allergyfriendly;allergyfree;brusselssprouts;foodallergymom;sidedish,False,2023-02-05
7189810207218830635,mommakessafefood,1674008151,309,0,18,3488,sesameallergy;mommakessafefood;foodallergyawareness;foodallergymom;foodallergies;foodallergyfamily;breadtok;homemadebread;homemadesandwichbread,False,2023-02-05
7189759504370912558,mommakessafefood,1673996349,247,3,6,2933,greenscreen;beyondjuniorhighchair;woodenhighchair;abiiebeyondjunior;abiiebaby;mommakessafefood;highchair;momrecomendation;momoftwo;babyledweaning;babyledfeeding,False,2023-02-05
7189656288257953070,mommakessafefood,1673972336,193,0,11,1931,mommakessafefood;foodallergyawareness;foodallergies;foodallergymom;oralimmunotherapy;allergyfree;foodfreedom;foodallergymama;foodallergyfamily,False,2023-02-05
7189063107380120875,mommakessafefood,1673834200,118,0,1,1788,mommakessafefood;foodallergyawareness;foodallergies;top9free;foodallergymom;allergyfriendly;allergyfreecooking;allergyfree;sheetpanmeal;dairyfree,False,2023-02-05
7188327008634473774,mommakessafefood,1673662812,243,2,7,2742,mommakessafefood;foodallergymom;foodallergyawareness;dairyfree;eggfree;nutfree;foodallergy;toddlermealideas,False,2023-02-05
7188175605320518954,mommakessafefood,1673627567,177,8,15,2690,dairyfree;mommakessafefood;foodallergymom;nutfree;foodallergyawareness;eggfree;allergyfriendlyrecipe;dairyallergy;casserolerecipe,False,2023-02-05
7187457757111389483,mommakessafefood,1673460444,169,3,11,1911,homemadelotion;foodallergymom;mommakessafefood;foodallergyawareness;eczema;eczemacream;breastmilklotion;makinglotion;homemade,False,2023-02-05
7186700670978854186,mommakessafefood,1673284175,592,0,22,6854,foodallergymom;mommakessafefood;foodallergies;foodallergyawareness;abiiehighchair;beyondjuniorhighchair;woodenhighchair;abiiebeyondjunior,False,2023-02-05
7186464658222632235,mommakessafefood,1673229206,155,1,5,2463,mommakessafefood;foodallergies;eggfree;dairyfree;dairyallergy;foodallergymom;happybabycarrier;foodallergyawareness;leftovertransformation;leftovers,False,2023-02-05
7185266815583489326,mommakessafefood,1672950305,454,2,18,4591,foodallergies;hotdogbunrecipe;kingarthurbaking;breadmaking;eggfree;dairyfree;sesamefree;dairyallergy;sesameallergy;mommakessafefood;foodallergymom;happybabycarrier;foodallergy;greenscreen;fromscratch,False,2023-02-05
7184849825286950190,mommakessafefood,1672853231,254,1,9,3370,mommakessafefood;foodallergymom;foodallergies;foodallergyawareness;blw;babyledweaning;babyledfeeding;allergenintroduction;introducingallergens;organization,False,2023-02-05
7196356474363219242,mccarolynn,1675532320,111,7,2,2757,MomsofTikTok;momtok;sahm;babyfever;momof3;momhumor;sahmlife,False,2023-02-05
7195584762981911851,mccarolynn,1675352642,63,0,8,691,sahm;declutter;organizedhome;kidbooks;momtok;messyhouse,False,2023-02-05
7195188299399548202,mccarolynn,1675260338,18900,741,478,191300,sahm;momtok;MomsofTikTok;wagonmom;wonderfoldwagon;getoutside;momof3;midwest,False,2023-02-05
7194940408739351854,mccarolynn,1675202613,46,0,0,1477,groceryshopping;shopwithme;costcohaul;groceryhaul;snackideas;sahm;sahmlife;minivlog,False,2023-02-05
7194918549666680106,mccarolynn,1675197525,43,1,0,641,ad;sahm;costcofinds;shopwithme;groceryshopping;allergyfriendly;foodallergy;foodallergymom;peanutallergy;dairyfree,False,2023-02-05
7194817256373652782,mccarolynn,1675173943,12,0,0,643,momhumor;sahm;momtok;parenting;toddlers;parentsoftiktok;MomsofTikTok,False,2023-02-05
7194497183734009134,mccarolynn,1675099438,7,0,4,502,QuakerPregrain;peloton;spinclass;pelotonbike;100rides;workoutchallenge;fitnesschallenge;75hard,False,2023-02-05
7194462582315486506,mccarolynn,1675091393,46,4,2,1569,QuakerPregrain;slowcooker;crockpot;easydinner;EasyRecipe;dairyfree;comfortfood;lazygirldinner;mealprep;momhack,False,2023-02-05
7193848140217306411,mccarolynn,1674948304,57,4,3,2562,easydinner;EasyRecipe;weeknightdinner;crockpot;slowcooker;lazygirldinner;thatmom;lazymom;dairyfree,False,2023-02-05
7193805482551872814,mccarolynn,1674938371,23,0,14,785,contentcreator;sahm;momtok;algorithm;mommycontentcreator;capcut,False,2023-02-05
7193430107187432750,mccarolynn,1674850977,36,0,2,1457,CleanTok;organizedhome;cleanwithme;satisfying;asmrsounds;asmrcleaning,False,2023-02-05
7193389550818086190,mccarolynn,1674841546,32,0,4,833,organizedhome;declutter;minimize;getridofit;lessismore,False,2023-02-05
7192791927681715502,mccarolynn,1674702389,54,0,9,746,sahm;overwhelmed;declutter;minimize;organizedhome,False,2023-02-05
7192653342840048942,mccarolynn,1674670125,15,0,2,646,momtok;momhumor;sahm;sahmlife;momssupportingmoms;womensupportingwomen,False,2023-02-05
7192251337214807342,mccarolynn,1674576545,35,0,12,590,speedclean;naptime;productivity;naptimecleaning;momtok;sahm,False,2023-02-05
7191957156042837294,mccarolynn,1674508031,18,1,6,563,dairyfree;dairyfreerecipes;EasyRecipe;dinnerideas;momhacks;lazymomdinner;comfortfood,False,2023-02-05
7191920775581175086,mccarolynn,1674499569,29,2,8,934,capcut;birthstory;naturalbirth;unmedicatedbirth;unmedicatedlabor,False,2023-02-05
7191692090382830891,mccarolynn,1674446314,6,0,4,550,GenshinImpact34;peloton;pelotonmoms;workoutroutine;homegym;fitmom,False,2023-02-05
7191505467858898219,mccarolynn,1674402869,20,0,11,706,declutter;CleanTok;organizedhome;minimize,False,2023-02-05
7191242910862462254,mccarolynn,1674341727,20,0,2,740,exclusivepumping;pumpingmom;dairyfreemama;GenshinImpact34,False,2023-02-05
7190112333681708331,mccarolynn,1674078493,43900,3530,127,1200000,crockpot;slowcooker;easydinner;lazymomrecipes;lazygirldinner,False,2023-02-05
7189753715878890795,mccarolynn,1673994997,45,0,8,813,sahm;MomsofTikTok;babytok,False,2023-02-05
7189692788613582122,mccarolynn,1673980825,52,2,2,976,amazonfinds;amazonmusthaves;organizedhome,False,2023-02-05
7189641777136192814,mccarolynn,1673968956,19,0,8,956,sahm;momtok,False,2023-02-05
7189409395501960490,mccarolynn,1673914826,21,0,7,2652,dairyfree;crockpot;lazygirldinner;marrymemeal,False,2023-02-05
7189299383777627434,mccarolynn,1673889221,37,1,9,2320,crockpotrecipes;slowcooker;dairyfreerecipes;dairyfree;foodallergy;lazymomrecipes,False,2023-02-05
7189086540256267566,mccarolynn,1673839659,9,0,5,922,floravital;floradix;momhacks;influenced,False,2023-02-05
7196503583104208171,danielle.shesfun,1675566571,52,0,5,1089,atx;soco;southcongress;austinlife;tecovas,False,2023-02-05
7196137872695643435,danielle.shesfun,1675481428,125,2,4,2975,westies;dogmom;westiesarethebesties;westhighlandterrier,False,2023-02-05
7195307944760642859,danielle.shesfun,1675288187,1096,0,5,8453,grwm;storytime;gurwm;90saesthetic;90shair;rollers;whymetho,False,2023-02-05
7195055890188324139,danielle.shesfun,1675229516,46,0,0,1411,colorcustomizer,False,2023-02-05
7195046281939569963,danielle.shesfun,1675227272,100,0,2,1257,westie;bestieswesties;grwm;photoshoot;morningroutine;atx;Vlog,False,2023-02-05
7194945903755693354,danielle.shesfun,1675203893,36,0,1,1193,texas;austin;atx;texasweather,False,2023-02-05
7194943465254423854,danielle.shesfun,1675203325,1839,8,41,59300,peanutallergy;treenutallergy;allergicreaction;allergyproblems,False,2023-02-05
7194262189203639595,danielle.shesfun,1675044706,103,3,3,2995,dogmom;westie;westiesarethebesties;breakuptiktok,False,2023-02-05
7193890668849237291,danielle.shesfun,1674958204,87,2,4,2875,atx;austin;thingstodoinaustin;winetour;barcrawl;winelover,False,2023-02-05
7193754127015464234,danielle.shesfun,1674926415,5097,22,90,90000,,False,2023-02-05
7193520193623084330,danielle.shesfun,1674871949,758900,2036,849,9700000,dogmom;westie;westhighlandterrier;westiesarethebesties;thirtiesclub,False,2023-02-05
7193105129397128490,danielle.shesfun,1674775312,303,0,13,4017,girlscoutcookies;girlscout;peanutallergy;treenutfree;greenscreen,False,2023-02-05
7192832283404012843,danielle.shesfun,1674711802,360,9,18,4420,bigsisteradvice;situationship;datingstorytime;swipeleft,False,2023-02-05
7192822988478156075,danielle.shesfun,1674709628,44,0,2,1315,atx;winetour;OOTD,False,2023-02-05
7192046419950243118,danielle.shesfun,1674528807,383,2,18,4580,peanutallergy;treenutallergy;foodallergy;allergytiktok,False,2023-02-05
7192005618608196907,danielle.shesfun,1674519308,26,0,3,1120,,False,2023-02-05
7191705125419830570,danielle.shesfun,1674449347,134,11,3,3519,,False,2023-02-05
7191699794224565547,danielle.shesfun,1674448114,247,15,11,4763,dogmom;westie;groom;diygroom;diygrooming;westhighlandwhiteterrier,False,2023-02-05
7191658692297624875,danielle.shesfun,1674438532,140,0,1,4224,dryjanuary;kombucha;estelle,False,2023-02-05
7190575242429877550,danielle.shesfun,1674186273,174,1,1,2336,peanutallergy;treenutallergy;foodallergy;allergytiktok,False,2023-02-05
7190427381289733422,danielle.shesfun,1674151847,83,3,1,2508,westies;westie;westiesarethebesties,False,2023-02-05
7190222144121474350,danielle.shesfun,1674104059,255,5,6,5239,dating;swipeft;single;situationship;thirtyflirtythriving,False,2023-02-05
7190207042605436206,danielle.shesfun,1674100544,134,0,1,2204,visionboard;ellewoods;manifestation,False,2023-02-05
7189844735769464110,danielle.shesfun,1674016191,277,4,17,3664,storytime,False,2023-02-05
7189833681517972782,danielle.shesfun,1674013626,36500,416,57,581500,dating;thirtyflirtingthriving;bigsisadvice;rulestoliveby,False,2023-02-05
7189423378850155818,danielle.shesfun,1673918086,187,2,2,4355,,False,2023-02-05
7187570022007590186,danielle.shesfun,1673486564,39,0,1,3335,,False,2023-02-05
7187150075976551723,danielle.shesfun,1673388792,1883,51,47,72000,foodallergies;peanutallergy;treenutallergy;allergicreaction;allergyproblems,False,2023-02-05
7187133926211702059,danielle.shesfun,1673385037,34,0,0,1214,hometown;southwest;southwestairlines;dadsoftiktok;unboxing,False,2023-02-05
7185775558062787886,danielle.shesfun,1673068764,949,38,20,13800,stitch;allergy;allergicreaction;treenutallergy;allergytiktok,False,2023-02-05
7196459226355485995,noglutengabby,1675556243,1885,42,77,14100,celiac;glutenfree;fyp,True,2023-02-05
7196457880508484910,noglutengabby,1675555931,248,0,10,3053,fyp;liquidiv;celiac,True,2023-02-05
7196452608780012846,noglutengabby,1675554706,98,0,1,2088,celiac;glutenfree;nightout;fyp,True,2023-02-05
7196368010905455915,noglutengabby,1675535010,2016,2,62,25100,,True,2023-02-05
7195379811630468398,noglutengabby,1675304921,229,0,2,3614,glutenfree;fyp;girlsnightin,True,2023-02-05
7195316362825207082,noglutengabby,1675290147,892,12,23,10000,celiac;glutenfree;glutenfreerecipes;glutenfreetiktok,True,2023-02-05
7195244972877090090,noglutengabby,1675273531,335,2,6,5037,celiac;glutenfree;stomachproblems;ibs,True,2023-02-05
7195243952407170346,noglutengabby,1675273292,533,1,13,5841,celiac;glutenfree;allergies;stomachproblems;ibs,True,2023-02-05
7195199193957485870,noglutengabby,1675262874,315,1,6,4072,celiac;glutenfree,True,2023-02-05
7194535952772074794,noglutengabby,1675108461,1948,40,48,15600,celiac;glutenfree,True,2023-02-05
7194533875996134702,noglutengabby,1675107976,1150,13,51,11200,celiac;glutenfree,True,2023-02-05
7194144848453078315,noglutengabby,1675017390,296,3,8,4918,celiac;glutenfree,True,2023-02-05
7193155696471379243,noglutengabby,1674787085,931,0,24,16700,celiac;glutenfree,True,2023-02-05
7193147140682698026,noglutengabby,1674785090,1877,24,14,20400,celiac;glutenfree,True,2023-02-05
7193140847741898026,noglutengabby,1674783627,523,0,4,7042,celiac;glutenfree,True,2023-02-05
7193048593089973546,noglutengabby,1674762153,122,0,2,2527,thrivemarkerpartner;glutenfree;celiac,True,2023-02-05
7192968770053410094,noglutengabby,1674743585,1488,6,30,17200,celiac;glutenfree,True,2023-02-05
7192729285151526186,noglutengabby,1674687799,1099,3,22,13600,celiac;glutenfree;brazibites,True,2023-02-05
7192636486179704106,noglutengabby,1674666201,212,1,16,4454,celiac;glutenfree,True,2023-02-05
7192629423059864874,noglutengabby,1674664566,538,0,56,8681,celiac;glutenfree,True,2023-02-05
7192001468638104878,noglutengabby,1674518343,582,0,8,14000,cooking;fyp,True,2023-02-05
7191875865746099498,noglutengabby,1674489111,1097,10,94,9085,celiac;glutenfree;dietaryrestrictions,True,2023-02-05
7191872474869665070,noglutengabby,1674488326,476,6,24,8106,celiac;glutenfree,True,2023-02-05
7191834376907492654,noglutengabby,1674479469,95,1,6,2396,SelfCare,True,2023-02-05
7191548136488308011,noglutengabby,1674412794,295,2,23,5942,,True,2023-02-05
7191546802032643370,noglutengabby,1674412487,373,0,10,6918,celiac;glutenfree,True,2023-02-05
7191544008085114155,noglutengabby,1674411833,732,1,36,11300,celiac;glutenfree;chipotle,True,2023-02-05
7191484240209415466,noglutengabby,1674397931,3098,59,104,28000,celiac;glutenfree,True,2023-02-05
7190869234774265134,noglutengabby,1674254726,3781,12,63,33400,celiac;glutenfree,True,2023-02-05
